{"cameraMode":{"drawMode":0,"name":"Shaded","section":"Shading Mode"},"sceneLighting":false,"audioPlay":false,"sceneViewState":{"m_AlwaysRefresh":false,"showFog":true,"showSkybox":true,"showFlares":true,"showImageEffects":true,"showParticleSystems":true,"showVisualEffectGraphs":true,"m_FxEnabled":true},"in2DMode":false,"pivot":{"x":3.7499983310699465,"y":0.06250009685754776,"z":2.499999523162842},"rotation":{"x":-0.07861693203449249,"y":0.9187278151512146,"z":-0.23479489982128144,"w":-0.3076198101043701},"size":4.507374286651611,"orthographic":false}