{"cameraMode":{"drawMode":0,"name":"Shaded","section":"Shading Mode"},"sceneLighting":true,"audioPlay":false,"sceneViewState":{"m_AlwaysRefresh":false,"showFog":true,"showSkybox":true,"showFlares":true,"showImageEffects":true,"showParticleSystems":true,"showVisualEffectGraphs":true,"m_FxEnabled":true},"in2DMode":false,"pivot":{"x":267.0495910644531,"y":5.130014419555664,"z":920.1304321289063},"rotation":{"x":-0.0029450436122715475,"y":0.7086067199707031,"z":0.002982413163408637,"w":0.7056164145469666},"size":4.155888080596924,"orthographic":false}